{
   "films": [
      {
         "title": "Harry Potter and the Philosophers Stone",
         "director": "Chris Columbus",
         "writer": "Steve Kloves",
         "producer": "David Heyman",
         "image": "Harry_Potter_and_the_Philosophers_Stone_posters.JPG",
         "youtubecode": "PbdM1db3JbY",
         "music": "John Wiliams"
      },
      {
         "title": "Harry Potter and the Chamber of Secrets",
         "director": "Chris Columbus",
         "writer": "Steve Kloves",
         "producer": "David Heyman",
         "image": "Harry_Potter_and_the_Chamber_of_Secrets_movie.jpg",
         "youtubecode": "uU-ET1FAv3Y",
         "music": "John Wiliams"
      },
      {
         "title": "Harry Potter and the Prisoner of Azkaban",
         "director": "Alfonso Cuaron",
         "writer": "Steve Kloves",
         "producer": "Chris Columbus/David Heyman/Mark Radcliffe",
         "image": "Prisoner_of_azkaban_UK_poster.jpg",
         "youtubecode": "R69laoH02xg",
         "music": "John Wiliams"
      },
      {
         "title": "Harry Potter and the Goblet of Fire",
         "director": "Mike Newell",
         "writer": "Steve Kloves",
         "producer": "David Heyman",
         "image": "Harry_Potter_and_the_Goblet_of_Fire_Poster.jpg",
         "youtubecode": "PFWAOnvMd1Q",
         "music": "Patrick Doyle"
      },
      {
         "title": "Harry Potter and the Order of the Phoenix",
         "director": "David Yates",
         "writer": "Michael Goldenberg",
         "producer": "David Heyman/David Barron",
         "image": "Harry_Potter_and_the_Order_of_the_Phoenix_poster.jpg",
         "youtubecode": "y6ZW7KXaXYk",
         "music": "Nicholas Hopper"
      },
      {
         "title": "Harry Potter and the Half-Blood Prince",
         "director": "David Yates",
         "writer": "Steve Kloves",
         "producer": "David Heyman/David Barron",
         "image": "Harry_Potter_and_the_Half-Blood_Prince_poster.jpg",
         "youtubecode": "JYLdTuL9Wjw",
         "music": "Nicholas Hopper"
      },
      {
         "title": "Harry Potter and the Deathly Hollows -- Part 1",
         "director": "David Yates",
         "writer": "Steve Kloves",
         "producer": "David Heyman/David Barron/J. K. Rowling",
         "image": "Harry_Potter_and_the_Deathly_Hallows_Part_1.jpg",
         "youtubecode": "9hXH0Ackz6w",
         "music": "Alexandre Desplat"
      },
      {
         "title": "Harry Potter and the Deathly Hollows -- Part 2",
         "director": "David Yates",
         "writer": "Steve Kloves",
         "producer": "David Heyman/David Barron/J. K. Rowling",
         "image": "220px-Harry_Potter_and_the_Deathly_Hallows_Part_2.jpg",
         "youtubecode": "mObK5XD8udk",
         "music": "Alexandre Desplat"
      }
   ]
}